Synset ID,Lemmas,Definition,New Definution,Man,Boy,Hypernym,Hypo Definition,Hypo Lemmas,Alt Definition,Alt Lemmas
oewn-10325469-n,"medical man, medical practitioner",someone who practices medicine,,,,,,,,
oewn-10709764-n,"tally clerk, tallyman",one who keeps a tally of quantity or weight of goods produced or shipped or received,,,,,,,,
oewn-10394828-n,old boy,a former male pupil of a school,,,,,,,,
oewn-09859605-n,"king, power, baron, big businessman, business leader, top executive, tycoon, magnate, mogul",a very wealthy or powerful businessman,,,,,,,,
oewn-10020810-n,"deliverer, delivery boy, deliveryman",someone employed to make deliveries,,,,,,,,
oewn-10302734-n,"carrier, postman, letter carrier, mail carrier, mailman",a man who delivers the mail,,,,,,,,
oewn-10027908-n,"station keeper, desk sergeant, deskman",the police sergeant on duty in a police station,,,,,,,,
oewn-10755916-n,uncle,a source of help and advice and encouragement,,,,,,,,
oewn-10678481-n,"fireman, stoker",a laborer who tends fires (as on a coal-fired train or steamship),,,,,,,,
oewn-10074989-n,"conjure man, conjurer, conjuror",a witch doctor who practices conjury,,,,,,,,
oewn-10283108-n,lineman,one of the players on the line of scrimmage,,,,,,,,
oewn-10411115-n,"pageboy, page",a boy who is employed to run errands,,,,,,,,
oewn-10823190-n,yeoman,in former times was free and cultivated his own land,,,,,,,,
oewn-10288524-n,lobsterman,a person whose occupation is catching lobsters,,,,,,,,
oewn-10822557-n,yardman,worker in a railway yard,,,,,,,,
oewn-10169935-n,guardsman,a soldier who is a member of a unit called ‘the guard’ or ‘guards’,,,,,,,,
oewn-10258446-n,"bachelor, bachelor-at-arms, knight bachelor",a knight of the lowest order; could display only a pennon,,,,,,,,
oewn-10787187-n,"warehouseman, warehouser",a workman who manages or works in a warehouse,,,,,,,,
oewn-10446513-n,"photographer, lensman",someone who takes photographs professionally,,,,,,,,
oewn-09851102-n,bad guy,any person who is not on your side,,,,,,,,
oewn-10171603-n,"gun, torpedo, shooter, gun for hire, gunman, gunslinger, hired gun, hit man, hitman, triggerman",a professional killer who uses a gun,,,,,,,,
oewn-10191239-n,"herder, herdsman, drover",someone who drives a herd,,,,,,,,
oewn-10111420-n,"fireman, fire fighter, fire-eater, firefighter",a member of a fire department who tries to extinguish fires,,,,,,,,
oewn-10431296-n,"hawker, packman, peddler, pedlar, pitchman",someone who travels about selling his wares (as on the streets or at carnivals),,,,,,,,
oewn-09766660-n,"Welsh, Cambrian, Cymry, Welshman",a native or resident of Wales,,,,,,,,
oewn-10331042-n,"messenger boy, errand boy",a boy who earns money by running errands,,,,,,,,
oewn-09892023-n,"brahman, brahmin",a member of the highest of the four Hindu varnas,,,,,,,,
oewn-10584088-n,"scribe, scribbler, penman",informal terms for journalists,,,,,,,,
oewn-10395389-n,old man,(slang) boss,,,,,,,,
oewn-09686910-n,"Injun, Redskin, red man",(slang) offensive term for Native Americans,,,,,,,,
oewn-09946909-n,"reverend, clergyman, man of the cloth",a member of the clergy and a spiritual leader of the Christian Church,,,,,,,,
oewn-80620228-n,trophy husband,a husband who is an attractive young man; seldom the first husband of an affluent older woman,,,,,,,,
oewn-10290913-n,"picket, lookout, watch, scout, sentinel, sentry, spotter, lookout man",a person employed to keep watch for some anticipated event,,,,,,,,
oewn-10140190-n,"gardener, nurseryman",someone who takes care of a garden,,,,,,,,
oewn-09922064-n,"trooper, cavalryman",a soldier in a motorized army unit,,,,,,,,
oewn-10457465-n,plainsman,an inhabitant of a plains region (especially the Great Plains of North America),,,,,,,,
oewn-10673118-n,"steelmaker, steelman, steelworker",a worker engaged in making steel,,,,,,,,
oewn-10269156-n,"peace officer, law officer, lawman",an officer of the law,,,,,,,,
oewn-10467896-n,pointsman,a policeman stationed at an intersection to direct traffic,,,,,,,,
oewn-10329163-n,"wise man, mentor",a wise and trusted guide and advisor,,,,,,,,
oewn-09893070-n,"breaker, ledgeman",a quarry worker who splits off blocks of stone,,,,,,,,
oewn-09896358-n,brother,a male person who is a fellow member (of a fraternity or religion or other group),,,,,,,,
oewn-10574739-n,"scapegoat, whipping boy",someone who is punished for the errors of others,,,,,,,,
oewn-10394351-n,oilman,a person who owns or operates oil wells,,,,,,,,
oewn-10569809-n,sandwichman,a person with advertising boards hanging from the shoulders,,,,,,,,
oewn-10810024-n,"woodman, woodsman",someone who lives in the woods,,,,,,,,
oewn-10479599-n,"potboy, potman",a worker in an inn or public house who serves customers and does various chores,,,,,,,,
oewn-89433552-n,counterman,a male who attends a counter (as in a diner),,,,,,,,
oewn-10295742-n,"lumberjack, faller, feller, logger, lumberman",a person who fells trees,,,,,,,,
oewn-10677940-n,"stock farmer, stock raiser, stockman",farmer who breed or raises livestock,,,,,,,,
oewn-10117861-n,"yes-man, stooge, flunkey, flunky",a person of unquestioning obedience,,,,,,,,
oewn-09972962-n,"henchman, partner in crime, collaborator, confederate",someone who assists in a plot,,,,,,,,
oewn-10539477-n,remittance man,an exile living on money sent from home,,,,,,,,
oewn-10789727-n,"security guard, watcher, watchman",a guard who keeps watch,,,,,,,,
oewn-10284625-n,"linkboy, linkman",(formerly) an attendant hired to carry a torch for pedestrians in dark streets,,,,,,,,
oewn-10110633-n,"fingerprint expert, fingerprint man, fingerprint specialist",a specialist in identifying fingerprints,,,,,,,,
oewn-10717864-n,"TV newsman, TV reporter, television newscaster, television reporter",someone who reports news stories via television,,,,,,,,
oewn-10199158-n,"hod carrier, hodman",a laborer who carries supplies to masons or bricklayers,,,,,,,,
oewn-09812410-n,"anchor, anchorman, anchorperson",a television reporter who coordinates a broadcast to which several correspondents contribute,,,,,,,,
oewn-10179208-n,hangman,an executioner who hangs the condemned person,,,,,,,,
oewn-09744816-n,"Norse, Norwegian, Norseman",a native or inhabitant of Norway,,,,,,,,
oewn-10667676-n,"backup, relief, substitute, stand-in, backup man, reliever, fill-in",someone who takes the place of another (as when things get dangerous or difficult),,,,,,,,
oewn-10611357-n,shop boy,a young male shop assistant,,,,,,,,
oewn-10524138-n,"rafter, raftman, raftsman",someone who travels by raft,,,,,,,,
oewn-09921470-n,"beef man, cattleman, cow man",a man who raises (or tends) cattle,,,,,,,,
oewn-10703076-n,"swineherd, pigman",a herder or swine,,,,,,,,
oewn-10181609-n,"iceman, hatchet man",a professional killer,,,,,,,,
oewn-10121750-n,footman,a man employed as a servant in a large establishment (as a palace) to run errands and do chores,,,,,,,,
oewn-10314263-n,"gob, sea dog, seafarer, seaman, old salt, Jack, Jack-tar, tar, mariner",a man who serves as a sailor,,,,,,,,
oewn-10224757-n,doughboy,an American infantryman in World War I,,,,,,,,
oewn-10718758-n,"tellurian, worldling, earthling, earthman",an inhabitant of the earth,,,,,,,,
oewn-10658757-n,"sporting man, outdoor man",someone who enjoys outdoor activities,,,,,,,,
oewn-10462389-n,"ploughman, plower, plowman",a man who plows,,,,,,,,
oewn-10611560-n,"shopkeeper, storekeeper, tradesman, market keeper",a merchant who owns or manages a shop,,,,,,,,
oewn-09633435-n,"common man, common person, commoner",a person who holds no title,,,,,,,,
oewn-09903843-n,"butcher, meatman",a retailer of meat,,,,,,,,
oewn-10156479-n,"golf player, golfer, linksman",someone who plays the game of golf,,,,,,,,
oewn-09994955-n,"crafter, craftsman",a creator of great skill in the manual arts,,,,,,,,
oewn-10201076-n,homeboy,a male friend from your neighborhood or hometown,,,,,,,,
oewn-10776505-n,visiting fireman,an important or distinguished visitor,,,,,,,,
oewn-10048793-n,"drawer, draftsman",an artist skilled at drawing,,,,,,,,
oewn-10625393-n,"skilled worker, skilled workman, trained worker",a worker who has acquired special skills,,,,,,,,
oewn-10275156-n,letterman,an athlete who has earned a letter in a school sport,,,,,,,,
oewn-10423378-n,"party liner, party man",a member of a political party who follows strictly the party line,,,,,,,,
oewn-10770579-n,vice chairman,one ranking below or serving in the place of a chairman,,,,,,,,
oewn-10195138-n,"highjacker, highwayman, hijacker, road agent",a holdup man who stops a vehicle and steals from it,,,,,,,,
oewn-09864306-n,"beadsman, bedesman",a person who is paid to pray for the soul of another,,,,,,,,
oewn-10141371-n,gasman,someone employed by a gas company,,,,,,,,
oewn-10314614-n,"sharpshooter, crack shot, marksman",someone skilled in shooting,,,,,,,,
oewn-10537787-n,"fireman, relief pitcher, reliever",a pitcher who does not start the game,,,,,,,,
oewn-09900824-n,"busboy, waiter's assistant",a restaurant attendant who sets tables and assists waiters and clears away dirty dishes,,,,,,,,
oewn-10200554-n,"stickup man, holdup man",an armed thief,,,,,,,,
oewn-10046278-n,"porter, gatekeeper, ostiary, hall porter, door guard, doorkeeper, doorman",someone who guards an entrance,,,,,,,,
oewn-10741786-n,trainbandsman,a member of a trainband,,,,,,,,
oewn-10607013-n,"sheepherder, sheepman, shepherd",a herder of sheep (on an open range); someone who keeps the sheep together in a flock,,,,,,,,
oewn-10201178-n,homeboy,a fellow male member of a youth gang,,,,,,,,
oewn-10555161-n,"rock climber, cragsman",a climber of vertical rock faces,,,,,,,,
oewn-10802308-n,wingman,the pilot who positions his aircraft outside and behind (on the wing of) the leader of a flying formation,,,,,,,,
oewn-10612800-n,"gun, gunman",a person who shoots a gun (as regards their ability),,,,,,,,
oewn-10540693-n,"service man, repairman, maintenance man",a skilled worker whose job is to repair things,,,,,,,,
oewn-09800117-n,aircrewman,a member of an aircrew,,,,,,,,
oewn-10270224-n,"secular, layman, layperson",someone who is not a clergyman or a professional person,,,,,,,,
oewn-10168183-n,"groundkeeper, groundskeeper, groundsman",someone who maintains the grounds (of an estate or park or athletic field),,,,,,,,
oewn-10098586-n,"granger, sodbuster, husbandman, farmer",a person who operates a farm,,,,,,,,
oewn-09974358-n,"con artist, con man, confidence man",a swindler who exploits the confidence of his victim,,,,,,,,
oewn-09863364-n,"batter, slugger, batsman, hitter",(baseball) a ballplayer who is batting,,,,,,,,
oewn-10242167-n,"jobber, wholesaler, middleman",someone who buys large quantities of goods and resells to merchants rather than to the ultimate customers,,,,,,,,
oewn-10341290-n,Minuteman,an American militiaman prior to and during the American Revolution,,,,,,,,
oewn-09951887-n,coalman,someone who delivers coal,,,,,,,,
oewn-10290474-n,longbowman,a medieval English archer who used a longbow,,,,,,,,
oewn-10337158-n,"MP, military policeman",a member of the military police who polices soldiers and guards prisoners,,,,,,,,
oewn-10359063-n,"muscle, muscleman",a bully employed as a thug or bodyguard,,,,,,,,
oewn-09868183-n,"bellboy, bellhop, bellman",someone employed as an errand boy and luggage carrier around hotels,,,,,,,,
oewn-10076527-n,"corner man, end man",a man at one end of line of performers in a minstrel show; carries on humorous dialogue with the interlocutor,,,,,,,,
oewn-10613153-n,"impresario, showman, promoter",a sponsor who books and stages public entertainments,,,,,,,,
oewn-10748276-n,tribesman,someone who lives in a tribe,,,,,,,,
oewn-10494882-n,"printer, pressman",someone whose occupation is printing,,,,,,,,
oewn-10189389-n,"steerer, steersman, helmsman",the person who steers a ship,,,,,,,,
oewn-09831257-n,"gunner, artilleryman, cannoneer, machine gunner",a serviceman in the artillery,,,,,,,,
oewn-10809832-n,"woodman, woodsman, woodworker",makes things out of wood,,,,,,,,
oewn-10518136-n,"quarrier, quarryman",a man who works in a quarry,,,,,,,,
oewn-10803789-n,"smart aleck, weisenheimer, wise guy, wiseacre, wisenheimer","an upstart who makes conceited, sardonic, insolent comments",,,,,,,,
oewn-10112257-n,"first baseman, first sacker",(baseball) the person who plays first base,,,,,,,,
oewn-09943653-n,city man,a financier who works in one of the banks in the City of London,,,,,,,,
oewn-09882251-n,"bodybuilder, muscle builder, muscle-builder, musclebuilder, muscleman",someone who does special exercises to develop a brawny musculature,,,,,,,,
oewn-10577282-n,"scholar, scholarly person, bookman",a learned person; someone who by long study has gained mastery in one or more disciplines,,,,,,,,
oewn-09995160-n,craftsman,a professional whose work is consistently of high quality,,,,,,,,
oewn-10663740-n,"groom, stableboy, stableman, ostler, hostler",someone employed in a stable to take care of the horses,,,,,,,,
oewn-09881352-n,"boater, boatman, waterman",someone who drives or rides in a boat,,,,,,,,
oewn-10587628-n,"second baseman, second sacker",(baseball) the person who plays second base,,,,,,,,
oewn-09799988-n,"aircraftman, aircraftsman",a noncommissioned officer in the British Royal Air Force,,,,,,,,
oewn-10133352-n,"straw man, strawman, figurehead, front, front man, nominal head",a person used as a cover for some questionable activity,,,,,,,,
oewn-10205969-n,"horticulturist, plantsman",an expert in the science of cultivating plants (fruit or flowers or vegetables or ornamental plants),,,,,,,,
oewn-10265038-n,"landlubber, landsman, lubber",an inexperienced sailor; a sailor on the first voyage,,,,,,,,
oewn-10055860-n,"drug baron, drug lord",a person who controls an organization dealing in illegal drugs,,,,,,,,
oewn-10109789-n,"financier, moneyman",a person skilled in large scale financial transactions,,,,,,,,
oewn-10701616-n,"swagger, swaggie, swagman",an itinerant Australian laborer who carries his personal belongings in a bundle as he travels around in search of work,,,,,,,,
oewn-09897417-n,"chum, sidekick, brother, buddy, pal, crony",a close friend who accompanies his buddies in their activities,,,,,,,,
oewn-10716631-n,"Ted, Teddy boy",a tough youth of 1950's and 1960's wearing Edwardian style clothes,,,,,,,,
oewn-10586524-n,sea king,a Viking pirate chief,,,,,,,,
oewn-10732903-n,T-man,a special law-enforcement agent of the United States Treasury,,,,,,,,
oewn-10467639-n,point man,a soldier who goes ahead of a patrol,,,,,,,,
oewn-10402793-n,organization man,an employee who sacrifices his own individuality for the good of an organization,,,,,,,,
oewn-09856847-n,bandsman,a player in a band (especially a military band),,,,,,,,
oewn-10294512-n,"underclassman, lowerclassman",an undergraduate who is not yet a senior,,,,,,,,
oewn-10311713-n,"rich man, wealthy man, man of means",a man who is wealthy,,,,,,,,
oewn-09943771-n,"city boy, city slicker",a city dweller with sophisticated manners and clothing,,,,,,,,
oewn-10791760-n,"weather forecaster, weatherman",predicts the weather,,,,,,,,
oewn-10281085-n,"bargee, bargeman, lighterman",someone who operates a barge,,,,,,,,
oewn-10167369-n,grocery boy,a delivery boy for groceries,,,,,,,,
oewn-10079131-n,"otolaryngologist, otorhinolaryngologist, rhinolaryngologist, ENT man, ear-nose-and-throat doctor",a specialist in the disorders of the ear or nose or throat,,,,,,,,
oewn-10265204-n,"landlubber, landman, landsman",a person who lives and works on land,,,,,,,,
oewn-10595149-n,"seedman, seedsman",a dealer in seeds,,,,,,,,
oewn-10134928-n,fugleman,a leader and organizer and spokesman (especially a political leader),,,,,,,,
oewn-10076419-n,end man,a man at one end of a row of people,,,,,,,,
oewn-10353551-n,"speed cop, motorcycle cop, motorcycle policeman",a policeman who rides a motorcycle (and who checks the speeds of motorists),,,,,,,,
oewn-10762654-n,utility man,a baseball player valued for the ability to play at several positions,,,,,,,,
oewn-09994178-n,"journeyman, artificer, artisan, craftsman",a skilled worker who practices some trade or handicraft,,,,,,,,
oewn-10416607-n,paperboy,a boy who sells or delivers newspapers,,,,,,,,
oewn-10397093-n,ombudsman,a government appointee who investigates complaints by private persons against the government,,,,,,,,
oewn-10768791-n,"warhorse, stager, old hand, old stager, old-timer, oldtimer, veteran",an experienced person who has been through many battles; someone who has given long service,,,,,,,,
oewn-10106152-n,"fielder, fieldsman",a member of the cricket team that is fielding rather than batting,,,,,,,,
oewn-10550252-n,rifleman,someone skilled in the use of a rifle,,,,,,,,
oewn-09892601-n,brakeman,a railroad employee responsible for a train's brakes,,,,,,,,
oewn-10039277-n,"diver, underwater diver, frogman",someone who works underwater,,,,,,,,
oewn-10378021-n,night watchman,a watchman who works during the night,,,,,,,,
oewn-10115433-n,"flatfoot, patrolman",a policeman who patrols a given region,,,,,,,,
oewn-10566407-n,"saint, holy man, holy person, angel",person of exceptional holiness,,,,,,,,
oewn-10674608-n,"stevedore, dock worker, dock-walloper, docker, dockhand, dockworker, loader, longshoreman, lumper",a laborer who loads and unloads vessels in a port,,,,,,,,
oewn-10602198-n,"man, military personnel, serviceman, military man",someone who serves in the armed forces; a member of a military force,,,,,,,,
oewn-10007930-n,"dairy farmer, dairyman",the owner or manager of a dairy,,,,,,,,
oewn-09956514-n,"college boy, college man, collegian",a student (or former student) at a college or university,,,,,,,,
oewn-83226323-n,golf widower,a husband who is left alone much of the time because his wife is playing golf,,,,,,,,
oewn-09965916-n,company man,an employee whose first loyalty is to the company rather than to fellow workers,,,,,,,,
oewn-10183493-n,head linesman,a football official in charge of recording yardage gained or lost,,,,,,,,
oewn-09940867-n,"mark, gull, sucker, mug, soft touch, patsy, fall guy, fool, chump",a person who is gullible and easy to take advantage of,,,,,,,,
oewn-10822446-n,yardman,a laborer hired to do outdoor work (such as mowing lawns),,,,,,,,
oewn-10769021-n,"vet, veteran, ex-serviceman",a person who has served in the armed forces,,,,,,,,
oewn-10341412-n,"miracle man, miracle worker",a person who claims or is alleged to perform miracles,,,,,,,,
oewn-09850005-n,"backroom boy, brain truster",an expert adviser involved in making important decisions but usually lacking official status,,,,,,,,
oewn-09775831-n,"able seaman, able-bodied seaman",a seaman in the merchant marine; trained in special skills,,,,,,,,
oewn-10136924-n,"gagman, gagster, gagwriter",someone who writes comic material for public performers,,,,,,,,
oewn-10801360-n,"feral man, wild man",a person who is not socialized,,,,,,,,
oewn-10483744-n,"sermoniser, sermonizer, preacher, preacher man",someone whose occupation is preaching the gospel,,,,,,,,
oewn-10607214-n,sheepman,a man who raises (or tends) sheep,,,,,,,,
oewn-10739341-n,townsman,a person from the same town as yourself,,,,,,,,
oewn-10680322-n,"second banana, straight man",a performer who acts as stooge to a comedian,,,,,,,,
oewn-10550684-n,"right-hand man, chief assistant, man Friday",the most helpful assistant,,,,,,,,
oewn-09852122-n,bagman,a racketeer assigned to collect or distribute payoff money,,,,,,,,
oewn-10594533-n,"seducer, ladies' man, lady killer",a man who takes advantage of women,,,,,,,,
oewn-09939148-n,choirboy,a boy who sings in a choir,,,,,,,,
oewn-10337542-n,milkman,someone who delivers milk,,,,,,,,
oewn-10616499-n,signalman,a railroad employee in charge of signals and point in a railroad yard,,,,,,,,
oewn-09905221-n,cabin boy,a young man acting as a servant on a ship,,,,,,,,
oewn-10560292-n,roundsman,a workman employed to make rounds (to deliver goods or make inspections or so on),,,,,,,,
oewn-09805332-n,altar boy,a boy serving as an acolyte,,,,,,,,
oewn-10288119-n,liveryman,a worker in a livery stable,,,,,,,,
oewn-09992476-n,cowboy,someone who is reckless or irresponsible (especially in driving vehicles),,,,,,,,
oewn-10306552-n,"maltman, maltster",a maker of malt,,,,,,,,
oewn-09928136-n,chapman,archaic term for an itinerant peddler,,,,,,,,
oewn-10823295-n,"yeoman, yeoman of the guard, beefeater",officer in the (ceremonial) bodyguard of the British monarch,,,,,,,,
oewn-10456781-n,"placeman, placeseeker",a disparaging term for an appointee,,,,,,,,
oewn-10712548-n,"internal revenue agent, tax collector, taxman, collector of internal revenue, exciseman",someone who collects taxes for the government,,,,,,,,
oewn-09863124-n,batman,an orderly assigned to serve a British military officer,,,,,,,,
oewn-10684629-n,strongman,a man who performs feats of strength at a fair or circus,,,,,,,,
oewn-09749546-n,"Scandinavian, Norse, Northman",an inhabitant of Scandinavia,,,,,,,,
oewn-10183618-n,"headman, tribal chief, chief, chieftain",the head of a tribe or clan,,,,,,,,
oewn-10153370-n,"G-man, government man, FBI agent",a special law-enforcement agent of the Federal Bureau of Investigation,,,,,,,,
oewn-10007849-n,dairyman,a man who works in a dairy,,,,,,,,
oewn-09878963-n,"blaster, chargeman",a workman employed to blast with explosives,,,,,,,,
oewn-10480626-n,"poulterer, poultryman",a dealer in poultry and poultry products,,,,,,,,
oewn-09886717-n,border patrolman,someone who patrols the borders of a country,,,,,,,,
oewn-10240156-n,"jazz musician, jazzman",a musician who plays or composes jazz music,,,,,,,,
oewn-09896590-n,"brother, comrade",used as a term of address for those male persons engaged in the same movement,,,,,,,,
oewn-10765000-n,"man, gentleman, gentleman's gentleman, valet, valet de chambre",a manservant who acts as a personal attendant to his employer,,,,,,,,
oewn-09903961-n,"butler, pantryman",a manservant (usually the head servant of a household) who has charge of wines and the table,,,,,,,,
oewn-10658867-n,sporting man,someone who leads a merry existence; especially a gambler on the outcome of sporting events,,,,,,,,
oewn-10459494-n,"playboy, Corinthian, man-about-town",a man devoted to the pursuit of pleasure,,,,,,,,
oewn-10283277-n,lineman,the surveyor who marks positions with a range pole,,,,,,,,
oewn-10569647-n,sandboy,a young peddler of sand; used now only to express great happiness in ‘happy as a sandboy’,,,,,,,,
oewn-10216023-n,iceman,someone who cuts and delivers ice,,,,,,,,
oewn-10139987-n,"garbage carter, garbage collector, garbage hauler, garbage man, garbageman, dustman, refuse collector",someone employed to collect and dispose of refuse,,,,,,,,
oewn-10137072-n,"gagman, standup comedian",a comedian who uses gags,,,,,,,,
oewn-09979596-n,"contact, middleman",a person who is in a position to give you special assistance,,,,,,,,
oewn-10789977-n,"water boy, waterer",an assistant who supplies drinking water,,,,,,,,
oewn-10489196-n,"PR man, press agent, public relations man, publicity man",someone employed to arrange publicity (for a firm or a public figure),,,,,,,,
oewn-10184590-n,"headman, headsman",an executioner who beheads the condemned person,,,,,,,,
oewn-10565619-n,"safebreaker, safecracker, cracksman",a thief who breaks open safes to steal valuable contents,,,,,,,,
oewn-09947594-n,"divine, churchman, cleric, ecclesiastic",a clergyman or other person in religious orders,,,,,,,,
oewn-09880801-n,"sailor, sailor boy, bluejacket, navy man",a serviceman in the navy,,,,,,,,
oewn-09996708-n,"crew member, crewman",a member of a flight crew,,,,,,,,
oewn-10196310-n,"hand, hired hand, hired man",a hired laborer on a farm or ranch,,,,,,,,
oewn-09952246-n,coastguardsman,a member of a coastguard,,,,,,,,
oewn-10230706-n,"interlocutor, middleman",the performer in the middle of a minstrel line who engages the others in talk,,,,,,,,
oewn-10742407-n,"trainman, railroad man, railroader, railway man, railwayman",an employee of a railroad,,,,,,,,
oewn-10113427-n,"fisher, fisherman",someone whose occupation is catching fish,,,,,,,,
oewn-09900985-n,bushman,a dweller in the Australian bush country,,,,,,,,
oewn-10532713-n,"redact, redactor, reviser, rewrite man, rewriter",someone who puts text into appropriate form for publication,,,,,,,,
oewn-09914932-n,career man,a man who is a careerist,,,,,,,,
oewn-10224540-n,"infantryman, foot soldier, footslogger, marcher",fights on foot with small arms,,,,,,,,
oewn-10157889-n,good guy,any person who is on your side,,,,,,,,
oewn-10773007-n,"vigilance man, vigilante",member of a vigilance committee,,,,,,,,
oewn-09922184-n,"troglodyte, cave dweller, cave man, caveman",someone who lives in a cave,,,,,,,,
oewn-09996612-n,crewman,a member of a work crew,,,,,,,,
oewn-10060037-n,Dutch uncle,a counselor who admonishes frankly and sternly,,,,,,,,
oewn-09862831-n,bat boy,(baseball) a boy who takes care of bats and other baseball equipment,,,,,,,,
oewn-10008135-n,dalesman,a person who lives in the dales of northern England,,,,,,,,
oewn-10308837-n,man,a male subordinate,,,,,,,,
oewn-09781176-n,"registered representative, account executive, account representative, customer's broker, customer's man",someone in charge of a client's account for an advertising agency or brokerage or other service business,,,,,,,,
oewn-09899082-n,bullyboy,a swaggering tough; usually one acting as an agent of a political faction,,,,,,,,
oewn-10615756-n,sidesman,(Church of England) an assistant to the churchwarden; collects offerings of money in the church,,,,,,,,
oewn-10593869-n,section man,someone who teaches a section of a large college course,,,,,,,,
oewn-09801838-n,alderman,a member of a municipal legislative body (as a city council),,,,,,,,
oewn-10236360-n,"ironmonger, hardwareman",someone who sells hardware,,,,,,,,
oewn-10426650-n,patriarch,title for the heads of the Eastern Orthodox Churches (in Istanbul and Alexandria and Moscow and Jerusalem),,,,,,,,
oewn-10453501-n,"pandar, pander, panderer, pimp, ponce, procurer, fancy man",someone who procures customers for whores (in England they call a pimp a ponce),,,,,,,,
oewn-10068420-n,elder statesman,any influential person whose advice is highly respected,,,,,,,,
oewn-10178882-n,"odd-job man, handyman, jack of all trades",a man skilled in various odd jobs and other small tasks,,,,,,,,
oewn-09917055-n,"carrier, newsboy",a boy who delivers newspapers,,,,,,,,
oewn-10288775-n,"lockkeeper, lockman, lockmaster",a worker in charge of a lock (on a canal),,,,,,,,
oewn-10230873-n,"intern, interne, houseman, medical intern",an advanced student or graduate in medicine gaining supervised practical experience,,,,,,,,
oewn-10181460-n,"hatchet man, enforcer",one whose job it is to execute unpleasant tasks for a superior,,,,,,,,
oewn-10104986-n,"swordsman, fencer",someone skilled at fencing,,,,,,,,
oewn-10646919-n,soundman,a technician in charge of amplifying sound or producing sound effects (as for a TV or radio broadcast),,,,,,,,
oewn-10734679-n,"romp, hoyden, tomboy",a girl who behaves in a boyish manner,,,,,,,,
oewn-10075655-n,"opposition, enemy, foe, foeman",an armed adversary (especially a member of an opposing military force),,,,,,,,
oewn-10734333-n,"toll agent, toll collector, toll taker, toller, tollgatherer, tollkeeper, tollman",someone employed to collect tolls,,,,,,,,
oewn-10337375-n,militiaman,a member of the militia; serves only during emergencies,,,,,,,,
oewn-10400198-n,Orangeman,a member of a society founded in Ireland in 1795 to uphold Protestantism and the British sovereign,,,,,,,,
oewn-10803410-n,"wireman, wirer",a worker who installs and repairs electric wiring,,,,,,,,
oewn-09880059-n,blood brother,a male sworn (usually by a ceremony involving the mingling of blood) to treat another as his brother,,,,,,,,
oewn-09778642-n,"schoolman, academician",a scholar who is skilled in academic disputation,,,,,,,,
oewn-10391029-n,office boy,a young man who is employed to do odd jobs in a business office,,,,,,,,
oewn-09837427-n,"spaceman, astronaut, cosmonaut",a person trained to travel in a spacecraft,,,,,,,,
oewn-10098113-n,"paramour, fancy man",a woman's lover,,,,,,,,
oewn-09732504-n,"Hollander, Dutchman, Netherlander",a native or inhabitant of Holland,,,,,,,,
oewn-10766249-n,"feudatory, liege, liege subject, liegeman, vassal",a person holding a fief; a person who owes allegiance and service to a feudal lord,,,,,,,,
oewn-10068293-n,elder statesman,an elderly statesman whose advice is sought be government leaders,,,,,,,,
oewn-10810861-n,"working man, working person, workingman, workman",an employee who performs manual or industrial labor,,,,,,,,
oewn-10684445-n,strongman,a powerful political figure who rules by the exercise of force or violence,,,,,,,,
oewn-10553431-n,"road mender, roadman",a workman who is employed to repair roads,,,,,,,,
oewn-10356617-n,muffin man,formerly an itinerant peddler of muffins,,,,,,,,
oewn-10812808-n,"grappler, wrestler, matman",combatant who tries to throw opponent to the ground,,,,,,,,
oewn-10087600-n,everyman,the ordinary person,,,,,,,,
oewn-09659757-n,soul brother,a fellow Black man,,,,,,,,
oewn-10566190-n,"sailor, crewman",any member of a ship's crew,,,,,,,,
oewn-09992602-n,"rodeo rider, cowboy",a performer who gives exhibitions of riding and roping and bulldogging,,,,,,,,
oewn-10205301-n,"horse fancier, horseman",a person who breeds and cares for horses,,,,,,,,
oewn-10283628-n,linesman,"official (in tennis, soccer, football, etc.) who assists the referee in some way (especially by watching for out of bounds or offside)",,,,,,,,
oewn-10807040-n,wolf boy,a male person assumed to have been raised by wolves,,,,,,,,
oewn-10394240-n,oilman,a worker who produces or sells petroleum,,,,,,,,
oewn-10550146-n,rifleman,a soldier whose weapon is a rifle,,,,,,,,
oewn-09921806-n,"trooper, cavalryman",a soldier mounted on horseback,,,,,,,,
oewn-10456474-n,"pivot, pivot man",the person in a rank around whom the others wheel and maneuver,,,,,,,,
oewn-10730902-n,timberman,an owner or manager of a company that is engaged in lumbering,,,,,,,,
oewn-09851898-n,baggageman,an attendant who takes care of baggage,,,,,,,,
oewn-89388690-n,king,the husband or widower of a queen,,,,,,,,
oewn-10152508-n,"glutton, gourmand, gourmandizer, trencherman",a person who is devoted to eating and drinking to excess,,,,,,,,
oewn-10728625-n,"third baseman, third sacker",(baseball) the person who plays third base,,,,,,,,
oewn-09951966-n,"pitman, coal miner, collier",someone who works in a coal mine,,,,,,,,
oewn-09717733-n,"Chinaman, chink",(ethnic slur) offensive term for a person of Chinese descent,,,,,,,,
oewn-10105218-n,ferryman,a man who operates a ferry,,,,,,,,
oewn-10457357-n,plainclothesman,a detective who wears civilian clothes on duty,,,,,,,,
oewn-89782767-n,first gentleman,the husband of a chief executive,,,,,,,,
oewn-10737570-n,"tough guy, plug-ugly",someone who bullies weaker people,,,,,,,,
oewn-10069171-n,"lineman, linesman, electrician",a person who installs or repairs electrical or telephone lines,,,,,,,,
oewn-10762538-n,utility man,a workman expected to serve in any capacity when called on,,,,,,,,
oewn-10212645-n,"hunter, huntsman",someone who hunts game,,,,,,,,
oewn-10738916-n,"towner, townsman",a resident of a town or city,,,,,,,,
oewn-09987658-n,"barrow-boy, barrow-man, costermonger",a hawker of fruit and vegetables from a barrow,,,,,,,,
oewn-10334361-n,midshipman,a temporary rank held by young naval officers in training,,,,,,,,
oewn-10048994-n,"draftsman, draftsperson, draughtsman",a skilled worker who draws plans of buildings or machines,,,,,,,,
oewn-09824747-n,"bowman, archer",a person who is expert in the use of a bow and arrow,,,,,,,,
oewn-10724535-n,thane,a man ranking above an ordinary freeman and below a noble in Anglo-Saxon England (especially one who gave military service in exchange for land),,,,,,,,
oewn-09908991-n,"camera operator, cameraman, cinematographer",a photographer who operates a movie camera,,,,,,,,
oewn-10613451-n,showman,a person skilled at making effective presentations,,,,,,,,
oewn-10502980-n,"property man, property master, propman",member of the stage crew in charge of properties,,,,,,,,
oewn-09951794-n,coachman,a man who drives a coach (or carriage),,,,,,,,
oewn-10207609-n,"hosteller, hotel manager, hotelier, hotelkeeper, hotelman",an owner or manager of hotels,,,,,,,,
